ENSG	GENE	SCORE
ENSG00000000003	TSPAN6	0.0005098533488308021
ENSG00000000005	TNMD	0.001313771707827982
ENSG00000000419	DPM1	0.0010468086363744078
ENSG00000000457	SCYL3	0.002430332771382382
ENSG00000000460	FIRRM	0.0005543661823139701
ENSG00000000938	FGR	0.0003207777897387132
ENSG00000000971	CFH	0.0007761523279441462
ENSG00000001036	FUCA2	0.00037933678868284915
ENSG00000001084	GCLC	0.00024713170864743006
